{
  "timestamp": "2025-07-19T13:37:35.093392",
  "robot_info": {
    "dof": 6,
    "joint_limits": [
      [
        -6.28318530718,
        6.28318530718
      ],
      [
        -2.059,
        2.0944
      ],
      [
        -3.927,
        0.19198
      ],
      [
        -6.28318530718,
        6.28318530718
      ],
      [
        -1.69297,
        3.14159265359
      ],
      [
        -6.28318530718,
        6.28318530718
      ]
    ],
    "urdf_file": "/home/abo/Desktop/ManipulaPy/ManipulaPy/ManipulaPy_data/xarm/xarm6_robot.urdf"
  },
  "system_info": {
    "cuda_available": true,
    "manipulapy_available": true
  },
  "forward_kinematics": {
    "avg_computation_time": 0.0001707291603088379,
    "std_computation_time": 9.702845603901255e-05,
    "max_computation_time": 0.001791238784790039,
    "min_computation_time": 0.00012826919555664062,
    "consistency_error": 0.0,
    "valid_poses_percentage": 100.0,
    "success_rate": 100.0,
    "num_tests": 1000
  },
  "inverse_kinematics": {
    "convergence_rate": 92.0,
    "avg_position_error": 0.3676608307043933,
    "std_position_error": 0.3457406658841673,
    "max_position_error": 1.295670093196492,
    "avg_orientation_error": 0.6886736505973597,
    "std_orientation_error": 0.6228228939172643,
    "avg_computation_time": 0.8117181658744812,
    "avg_iterations": 142.7111111111111,
    "num_tests": 100,
    "successful_tests": 92,
    "success_rate": 92.0
  },
  "jacobian_accuracy": {
    "avg_jacobian_error": 2.638889973105958,
    "std_jacobian_error": 0.518146517503046,
    "max_jacobian_error": 10.16519391867478,
    "avg_computation_time": 0.00023202419281005858,
    "success_rate": 100.0,
    "num_tests": 500
  },
  "dynamics": {
    "avg_mass_matrix_time": 0.0010094380378723145,
    "avg_coriolis_time": 0.012975605726242066,
    "avg_gravity_time": 0.0006468749046325684,
    "avg_inverse_dynamics_time": 0.0019468879699707032,
    "avg_forward_dynamics_time": 0.001953918933868408,
    "avg_dynamics_consistency_error": 3.0130323058437874e-14,
    "std_dynamics_consistency_error": 1.0160197152852448e-13,
    "max_dynamics_consistency_error": 1.2021081915038948e-12,
    "success_rate": 100.0,
    "num_tests": 200
  },
  "trajectory_planning": {
    "N100_method3": {
      "avg_cpu_time": 8.220672607421875e-05,
      "std_cpu_time": 1.5245073830292004e-05,
      "boundary_condition_accuracy": 2.1094387935318788e-07,
      "velocity_boundary_accuracy": 0.0,
      "avg_gpu_time": 0.0041310787200927734,
      "std_gpu_time": 0.018014822273344014,
      "gpu_speedup": 0.019899578692214464,
      "avg_position_error_cpu_vs_gpu": 55.73892593383789,
      "avg_velocity_error_cpu_vs_gpu": 49.75638198852539,
      "avg_acceleration_error_cpu_vs_gpu": 158.53500366210938,
      "max_position_error_cpu_vs_gpu": 86.97394561767578
    },
    "N200_method5": {
      "avg_cpu_time": 0.00010205745697021484,
      "std_cpu_time": 1.4087161839256812e-05,
      "boundary_condition_accuracy": 1.966452636964715e-07,
      "velocity_boundary_accuracy": 0.0,
      "avg_gpu_time": 0.0016586017608642579,
      "std_gpu_time": 0.0005313354483634404,
      "gpu_speedup": 0.06153222514187802,
      "avg_position_error_cpu_vs_gpu": 38.495601654052734,
      "avg_velocity_error_cpu_vs_gpu": 52.16645812988281,
      "avg_acceleration_error_cpu_vs_gpu": 44.784400939941406,
      "max_position_error_cpu_vs_gpu": 69.41345977783203
    },
    "N500_method3": {
      "avg_cpu_time": 9.893894195556641e-05,
      "std_cpu_time": 8.944032682489904e-06,
      "boundary_condition_accuracy": 1.9710396261360029e-07,
      "velocity_boundary_accuracy": 0.0,
      "avg_gpu_time": 0.0015641164779663086,
      "std_gpu_time": 0.0004688087902466122,
      "gpu_speedup": 0.06325548215194851,
      "avg_position_error_cpu_vs_gpu": 29.030624389648438,
      "avg_velocity_error_cpu_vs_gpu": 17.91330337524414,
      "avg_acceleration_error_cpu_vs_gpu": 12.792204856872559,
      "max_position_error_cpu_vs_gpu": 60.2509880065918
    }
  },
  "control_algorithms": {
    "pid_avg_time": 0.001977081298828125,
    "pid_avg_error": 9.334218245186609,
    "pid_success_rate": 100.0,
    "ctc_avg_time": 0.015147314071655274,
    "ctc_avg_error": 9.258810602938503,
    "ctc_success_rate": 100.0,
    "zn_tuning_success_rate": 100.0,
    "num_tests": 50
  },
  "singularity_detection": {
    "avg_detection_time": 0.0007319974899291992,
    "std_detection_time": 2.4739049346828244e-05,
    "avg_condition_number": 104.20847753698746,
    "std_condition_number": 467.67621206965924,
    "max_condition_number": 12564.372925173682,
    "singular_percentage": 0.8,
    "near_singular_percentage": 17.4,
    "known_singular_detection_rate": 100.0,
    "success_rate": 100.0,
    "num_tests": 1000
  },
  "total_benchmark_time": 87.91683602333069
}